projector,param_group,param_name,step,rank,rank_energy,rank_90,rank_95,rank_99,effective_rank,mean_angle,max_angle,adaptive_rank,temperature,candidate_count
adaptive_stochastic,embedding,embedding/layer?,1,8,0.8315075039863586,16,29,52,9.979243278503418,,,8,2.186143542706657,64
adaptive_stochastic,embedding,embedding/layer?,2,8,0.5197983384132385,33,43,58,31.714500427246094,85.13862800598145,89.39204406738281,8,2.088043360495799,64
adaptive_stochastic,embedding,embedding/layer?,4,8,0.6999220252037048,23,32,50,19.03047752380371,81.66854095458984,88.74651336669922,8,1.654186369444086,64
adaptive_stochastic,head,head/layer?,1,8,0.6114059686660767,34,44,58,23.575891494750977,,,8,2.537021299197289,64
adaptive_stochastic,head,head/layer?,2,8,0.6644956469535828,31,42,57,18.527854919433594,52.910263776779175,88.69693756103516,8,2.4929195661396135,64
adaptive_stochastic,head,head/layer?,4,8,0.6516773700714111,30,40,56,21.92685890197754,53.36885118484497,89.9359359741211,8,2.1776550688134675,64
adaptive_stochastic,k_proj,k_proj/layer0,1,6,0.9931908845901489,3,4,6,2.658782482147217,,,6,0.6278810136415318,16
adaptive_stochastic,k_proj,k_proj/layer0,2,6,0.983134925365448,3,5,8,3.417874813079834,53.88858985900879,89.98572540283203,6,0.6701331700978724,18
adaptive_stochastic,k_proj,k_proj/layer0,4,6,0.9842347502708435,3,5,8,3.870969533920288,48.26377240816752,76.86905670166016,6,0.6434373379359986,21
adaptive_stochastic,k_proj,k_proj/layer1,1,7,0.9802300930023193,4,5,11,4.2606201171875,,,7,0.5908733148515829,28
adaptive_stochastic,k_proj,k_proj/layer1,2,8,0.9632819890975952,4,7,17,4.581610679626465,,,8,1.572519307126779,36
adaptive_stochastic,k_proj,k_proj/layer1,4,6,0.9934341907501221,2,2,5,2.1347177028656006,,,6,0.485596733104694,19
adaptive_stochastic,k_proj,k_proj/layer10,1,8,0.9200373888015747,7,13,29,5.117861747741699,,,8,1.4541486102135477,55
adaptive_stochastic,k_proj,k_proj/layer10,2,8,0.9177666306495667,7,13,33,5.7266621589660645,48.811123967170715,87.88845825195312,8,1.4673727253507751,62
adaptive_stochastic,k_proj,k_proj/layer10,4,8,0.9005213379859924,8,15,34,8.634660720825195,45.96281361579895,88.32805633544922,8,1.4027133640233027,62
adaptive_stochastic,k_proj,k_proj/layer11,1,8,0.9055131077766418,8,14,30,7.216876029968262,,,8,1.4050017915498918,54
adaptive_stochastic,k_proj,k_proj/layer11,2,8,0.8817380666732788,10,17,37,6.809515953063965,53.892250537872314,85.83121490478516,8,1.4367033029769705,64
adaptive_stochastic,k_proj,k_proj/layer11,4,8,0.8955687880516052,9,14,31,7.183324337005615,55.21467113494873,87.78767395019531,8,1.3052342658581981,56
adaptive_stochastic,k_proj,k_proj/layer12,1,8,0.8523409962654114,12,19,37,9.127843856811523,,,8,1.3325010012777534,63
adaptive_stochastic,k_proj,k_proj/layer12,2,8,0.8609209060668945,11,19,39,9.794161796569824,50.5230872631073,87.97540283203125,8,1.417413021476943,64
adaptive_stochastic,k_proj,k_proj/layer12,4,8,0.8999385833740234,9,14,33,6.479137897491455,49.11313199996948,88.6987075805664,8,1.3230356241696075,61
adaptive_stochastic,k_proj,k_proj/layer13,1,8,0.8815568685531616,10,16,34,7.771457195281982,,,8,1.3950901733519816,60
adaptive_stochastic,k_proj,k_proj/layer13,2,8,0.9052356481552124,8,15,35,6.244779109954834,56.039236664772034,89.86672973632812,8,1.4153557253651903,63
adaptive_stochastic,k_proj,k_proj/layer13,4,8,0.938688337802887,5,10,27,4.179513931274414,51.23364877700806,85.25660705566406,8,1.4422250331435544,56
adaptive_stochastic,k_proj,k_proj/layer14,1,8,0.8935901522636414,9,14,32,6.750704288482666,,,8,1.3144860253412318,59
adaptive_stochastic,k_proj,k_proj/layer14,2,8,0.8766728043556213,10,17,37,7.886885166168213,51.58742380142212,86.8470458984375,8,1.3523605792646063,63
adaptive_stochastic,k_proj,k_proj/layer14,4,8,0.8999142050743103,9,14,31,7.521212577819824,49.96329951286316,88.7468490600586,8,1.318707889947359,57
adaptive_stochastic,k_proj,k_proj/layer15,1,8,0.8386624455451965,13,20,40,10.809833526611328,,,8,1.3808596007792224,64
adaptive_stochastic,k_proj,k_proj/layer15,2,8,0.8611336350440979,12,19,40,8.618577003479004,56.87200057506561,89.19095611572266,8,1.476442377594036,64
adaptive_stochastic,k_proj,k_proj/layer15,4,8,0.8728301525115967,11,18,39,8.253288269042969,53.20456051826477,83.21382904052734,8,1.4704114151941607,64
adaptive_stochastic,k_proj,k_proj/layer16,1,8,0.893786609172821,9,15,34,8.18671989440918,,,8,1.388259524583884,62
adaptive_stochastic,k_proj,k_proj/layer16,2,8,0.90211021900177,8,15,35,7.64006233215332,51.55694091320038,89.4642333984375,8,1.4055870475145722,63
adaptive_stochastic,k_proj,k_proj/layer16,4,8,0.8714092373847961,11,18,39,9.326157569885254,51.57904052734375,88.63009643554688,8,1.431398308800656,64
adaptive_stochastic,k_proj,k_proj/layer17,1,8,0.8737323880195618,10,17,38,9.586864471435547,,,8,1.3805265655209054,64
adaptive_stochastic,k_proj,k_proj/layer17,2,8,0.8781301379203796,10,17,37,8.254490852355957,50.49036657810211,87.62569427490234,8,1.4039571476647463,62
adaptive_stochastic,k_proj,k_proj/layer17,4,8,0.9048978090286255,8,13,32,5.535139083862305,54.10021352767944,87.3143081665039,8,1.3198304620713612,61
adaptive_stochastic,k_proj,k_proj/layer18,1,8,0.8722708225250244,10,16,34,9.498749732971191,,,8,1.211500321657088,61
adaptive_stochastic,k_proj,k_proj/layer18,2,8,0.8344084620475769,13,20,39,11.297451972961426,55.38034987449646,89.81570434570312,8,1.2813811001795534,64
adaptive_stochastic,k_proj,k_proj/layer18,4,8,0.857064425945282,11,18,37,10.315899848937988,54.95077919960022,88.32807922363281,8,1.2755360542164658,64
adaptive_stochastic,k_proj,k_proj/layer19,1,8,0.8980830311775208,9,14,33,8.988075256347656,,,8,1.3391937943652372,60
adaptive_stochastic,k_proj,k_proj/layer19,2,8,0.8612518906593323,11,18,38,10.361166954040527,50.717283487319946,87.15467071533203,8,1.3523794382041823,64
adaptive_stochastic,k_proj,k_proj/layer19,4,8,0.9095082879066467,8,13,33,5.150994777679443,55.07321846485138,86.75743103027344,8,1.3712934853489391,62
adaptive_stochastic,k_proj,k_proj/layer2,1,8,0.9810172319412231,2,4,13,2.1071152687072754,,,8,1.6815747979548297,33
adaptive_stochastic,k_proj,k_proj/layer2,2,8,0.956859827041626,5,7,20,5.052004814147949,55.55277609825134,88.43187713623047,8,1.5335115848822811,43
adaptive_stochastic,k_proj,k_proj/layer2,4,8,0.8931816220283508,9,14,28,10.414712905883789,57.014525175094604,87.30892944335938,8,1.2253466723752584,53
adaptive_stochastic,k_proj,k_proj/layer20,1,8,0.8857627511024475,9,16,37,8.852203369140625,,,8,1.299469962934262,64
adaptive_stochastic,k_proj,k_proj/layer20,2,8,0.909641683101654,8,13,31,6.118136882781982,46.06862461566925,88.59600067138672,8,1.2689784626420944,61
adaptive_stochastic,k_proj,k_proj/layer20,4,8,0.8896822333335876,9,16,36,8.234745025634766,58.06263828277588,87.80448150634766,8,1.2959990928608311,63
adaptive_stochastic,k_proj,k_proj/layer21,1,8,0.8286255598068237,13,20,41,10.484983444213867,,,8,1.3433275146929309,64
adaptive_stochastic,k_proj,k_proj/layer21,2,8,0.9212163090705872,7,13,33,6.09090518951416,45.92701077461243,87.99604797363281,8,1.5197243985920452,60
adaptive_stochastic,k_proj,k_proj/layer21,4,8,0.8952791690826416,9,15,34,6.904569149017334,56.44216966629028,87.79814147949219,8,1.3722158784773812,61
adaptive_stochastic,k_proj,k_proj/layer3,1,8,0.9435529112815857,5,9,23,5.073633670806885,,,8,1.3768057309840065,48
adaptive_stochastic,k_proj,k_proj/layer3,2,8,0.9196434020996094,7,12,32,6.608809471130371,50.74125361442566,89.55073547363281,8,1.3794709145077857,61
adaptive_stochastic,k_proj,k_proj/layer3,4,8,0.9272167086601257,6,11,27,5.604302406311035,47.37131202220917,89.87239837646484,8,1.406529754578714,54
adaptive_stochastic,k_proj,k_proj/layer4,1,8,0.9696404337882996,3,5,18,2.9171509742736816,,,8,1.6958975897902204,41
adaptive_stochastic,k_proj,k_proj/layer4,2,8,0.9262836575508118,7,11,29,6.250945091247559,51.87397074699402,88.46621704101562,8,1.372460143440332,57
adaptive_stochastic,k_proj,k_proj/layer4,4,8,0.9139831066131592,7,13,29,6.66409158706665,52.35796236991882,88.84579467773438,8,1.366884006149545,57
adaptive_stochastic,k_proj,k_proj/layer5,1,8,0.9165499210357666,7,13,31,7.62600040435791,,,8,1.4826989749228177,56
adaptive_stochastic,k_proj,k_proj/layer5,2,8,0.9386052489280701,5,10,29,5.926236152648926,49.174017548561096,89.3670425415039,8,1.533523219057858,57
adaptive_stochastic,k_proj,k_proj/layer5,4,8,0.9481716156005859,5,9,24,5.615007400512695,44.16596007347107,89.7126235961914,8,1.5642287080874837,50
adaptive_stochastic,k_proj,k_proj/layer6,1,8,0.933124303817749,6,11,25,6.126519203186035,,,8,1.3780759629025185,52
adaptive_stochastic,k_proj,k_proj/layer6,2,8,0.9269272089004517,6,11,28,4.69429874420166,50.919697761535645,87.82093048095703,8,1.3595473157925375,58
adaptive_stochastic,k_proj,k_proj/layer6,4,8,0.9596975445747375,5,7,20,5.067253112792969,49.054662346839905,86.08407592773438,8,1.5174526821323746,45
adaptive_stochastic,k_proj,k_proj/layer7,1,8,0.9244418740272522,7,11,27,6.324990272521973,,,8,1.3125848161957354,55
adaptive_stochastic,k_proj,k_proj/layer7,2,8,0.8856891989707947,10,15,33,8.210332870483398,48.64063882827759,88.77823638916016,8,1.305308194548849,61
adaptive_stochastic,k_proj,k_proj/layer7,4,8,0.9055979251861572,8,12,28,7.721399307250977,47.58429539203644,85.8667984008789,8,1.2163854344917577,55
adaptive_stochastic,k_proj,k_proj/layer8,1,8,0.9113401770591736,8,13,29,6.028402805328369,,,8,1.3247070668127565,55
adaptive_stochastic,k_proj,k_proj/layer8,2,8,0.9458886981010437,5,9,24,4.4554853439331055,53.9951810836792,89.17608642578125,8,1.4968822418880738,49
adaptive_stochastic,k_proj,k_proj/layer8,4,8,0.9203209280967712,7,12,29,6.909595966339111,50.965709924697876,85.809326171875,8,1.3672352259370992,55
adaptive_stochastic,k_proj,k_proj/layer9,1,8,0.9374029040336609,6,10,26,5.507436275482178,,,8,1.3884774746149555,54
adaptive_stochastic,k_proj,k_proj/layer9,2,8,0.900704562664032,8,16,37,6.34892463684082,46.80064260959625,88.31498718261719,8,1.5677363102153439,63
adaptive_stochastic,k_proj,k_proj/layer9,4,8,0.8995293378829956,9,15,34,6.912400245666504,45.63350224494934,83.90333557128906,8,1.416077758731506,61
adaptive_stochastic,mlp,mlp/layer0,1,8,0.9309713840484619,6,12,38,5.871175765991211,,,8,1.8337501207524984,64
adaptive_stochastic,mlp,mlp/layer0,1,8,0.9554710984230042,4,8,31,4.265790939331055,,,8,1.793256301675841,63
adaptive_stochastic,mlp,mlp/layer0,1,8,0.9312387704849243,6,12,37,4.769454479217529,,,8,1.824023263347553,64
adaptive_stochastic,mlp,mlp/layer0,2,8,0.6065067052841187,28,39,56,23.431156158447266,73.20090913772583,89.8162612915039,8,1.9417002594393515,64
adaptive_stochastic,mlp,mlp/layer0,2,8,0.6905299425125122,24,35,54,18.215805053710938,73.0778374671936,89.8056869506836,8,1.9138368638955496,64
adaptive_stochastic,mlp,mlp/layer0,2,8,0.5666111707687378,31,42,57,28.75373077392578,84.54590129852295,89.62544250488281,8,1.9804837385955838,64
adaptive_stochastic,mlp,mlp/layer0,4,8,0.7897852063179016,18,27,45,13.128434181213379,61.867642402648926,88.22673034667969,8,1.6487366810054709,64
adaptive_stochastic,mlp,mlp/layer0,4,8,0.7987471222877502,18,27,44,12.718234062194824,61.10939800739288,88.33882904052734,8,1.6058595801502178,64
adaptive_stochastic,mlp,mlp/layer0,4,8,0.7226442098617554,22,31,48,18.666645050048828,83.85362529754639,89.78990936279297,8,1.6099434976010119,64
adaptive_stochastic,mlp,mlp/layer1,1,8,0.886785089969635,10,20,44,6.220150947570801,,,8,1.8847298098115277,64
adaptive_stochastic,mlp,mlp/layer1,1,8,0.9157307744026184,7,15,39,4.485495567321777,,,8,1.7942361028679703,64
adaptive_stochastic,mlp,mlp/layer1,1,8,0.8988183736801147,9,17,40,6.395002365112305,,,8,1.721939318111847,64
adaptive_stochastic,mlp,mlp/layer1,2,8,0.5932589769363403,27,38,55,24.402589797973633,81.88903999328613,89.93604278564453,8,1.8044369628072323,64
adaptive_stochastic,mlp,mlp/layer1,2,8,0.6354487538337708,24,34,53,19.290143966674805,80.36368036270142,89.17901611328125,8,1.689984162734948,64
adaptive_stochastic,mlp,mlp/layer1,2,8,0.665860116481781,23,34,53,17.656475067138672,86.00618553161621,89.85733795166016,8,1.666694453289432,64
adaptive_stochastic,mlp,mlp/layer1,4,8,0.7625255584716797,20,29,47,13.371682167053223,62.640419006347656,89.70283508300781,8,1.702062838573679,64
adaptive_stochastic,mlp,mlp/layer1,4,8,0.780170738697052,19,27,45,11.64653491973877,62.9950125515461,89.86213684082031,8,1.634180848710073,64
adaptive_stochastic,mlp,mlp/layer1,4,8,0.7728933691978455,19,27,46,12.02711009979248,80.50937795639038,89.77118682861328,8,1.6029909969306655,64
adaptive_stochastic,mlp,mlp/layer10,1,8,0.6521352529525757,29,39,56,22.32072639465332,,,8,2.1046851212888242,64
adaptive_stochastic,mlp,mlp/layer10,1,8,0.6284926533699036,30,41,56,24.20270347595215,,,8,2.160913875796008,64
adaptive_stochastic,mlp,mlp/layer10,1,8,0.5962322950363159,32,43,57,26.830373764038086,,,8,2.30203631781534,64
adaptive_stochastic,mlp,mlp/layer10,2,8,0.6232452392578125,30,40,57,23.09014129638672,68.51325798034668,89.99170684814453,8,2.110961440791351,64
adaptive_stochastic,mlp,mlp/layer10,2,8,0.6347177028656006,29,40,57,21.796672821044922,67.43131113052368,89.85889434814453,8,2.1258410817895785,64
adaptive_stochastic,mlp,mlp/layer10,2,8,0.5533031225204468,33,43,58,29.277244567871094,83.08321952819824,89.48931121826172,8,2.2209535660019806,64
adaptive_stochastic,mlp,mlp/layer10,4,8,0.6848954558372498,26,36,53,19.70071029663086,64.50063943862915,89.76512145996094,8,1.9071667741533345,64
adaptive_stochastic,mlp,mlp/layer10,4,8,0.6828721761703491,26,36,53,19.836488723754883,64.24009227752686,88.79569244384766,8,1.9075861557876048,64
adaptive_stochastic,mlp,mlp/layer10,4,8,0.6145623326301575,29,39,55,25.434921264648438,80.40332698822021,89.8604736328125,8,1.9981533005973164,64
adaptive_stochastic,mlp,mlp/layer11,1,8,0.6111041307449341,31,41,57,25.072729110717773,,,8,2.1928403501637024,64
adaptive_stochastic,mlp,mlp/layer11,1,8,0.6313685178756714,31,41,57,23.40321159362793,,,8,2.226264405325382,64
adaptive_stochastic,mlp,mlp/layer11,1,8,0.5326221585273743,35,45,59,31.061996459960938,,,8,2.3594802608480197,64
adaptive_stochastic,mlp,mlp/layer11,2,8,0.6038426756858826,31,42,57,24.18813705444336,71.63389778137207,88.8615493774414,8,2.1913391026656344,64
adaptive_stochastic,mlp,mlp/layer11,2,8,0.6165803074836731,30,41,57,23.097623825073242,70.90457487106323,89.07759094238281,8,2.121109728311223,64
adaptive_stochastic,mlp,mlp/layer11,2,8,0.5105070471763611,36,45,59,32.924163818359375,84.62765502929688,89.68242645263672,8,2.3558043668294784,64
adaptive_stochastic,mlp,mlp/layer11,4,8,0.646211564540863,28,39,55,22.703737258911133,65.25361609458923,89.14695739746094,8,2.0037314578734016,64
adaptive_stochastic,mlp,mlp/layer11,4,8,0.6633802056312561,27,38,54,21.351377487182617,65.75046396255493,89.73873901367188,8,1.9908286179998111,64
adaptive_stochastic,mlp,mlp/layer11,4,8,0.5715377926826477,31,42,57,28.19204330444336,81.17905807495117,89.50618743896484,8,2.047797325755041,64
adaptive_stochastic,mlp,mlp/layer12,1,8,0.593923032283783,32,43,58,26.71207618713379,,,8,2.239557847403495,64
adaptive_stochastic,mlp,mlp/layer12,1,8,0.621522843837738,31,42,57,22.789737701416016,,,8,2.236217837381671,64
adaptive_stochastic,mlp,mlp/layer12,1,8,0.5034586787223816,37,47,59,34.21244430541992,,,8,2.468482314934576,64
adaptive_stochastic,mlp,mlp/layer12,2,8,0.6045459508895874,31,41,57,23.16092300415039,72.41328620910645,89.95320129394531,8,2.1736276160572814,64
adaptive_stochastic,mlp,mlp/layer12,2,8,0.6147991418838501,31,41,56,22.751220703125,72.01682710647583,89.48943328857422,8,2.170517730244575,64
adaptive_stochastic,mlp,mlp/layer12,2,8,0.5288107991218567,35,44,58,30.970781326293945,83.33307647705078,89.6045913696289,8,2.3462457961362926,64
adaptive_stochastic,mlp,mlp/layer12,4,8,0.6471156477928162,27,38,55,22.034257888793945,63.148107290267944,89.64322662353516,8,1.9405050282008027,64
adaptive_stochastic,mlp,mlp/layer12,4,8,0.6452953815460205,27,39,55,21.75517463684082,65.93943095207214,89.05608367919922,8,1.946853503598077,64
adaptive_stochastic,mlp,mlp/layer12,4,8,0.5807158946990967,31,41,57,27.55546760559082,80.30222988128662,89.58485412597656,8,1.996153904099368,64
adaptive_stochastic,mlp,mlp/layer13,1,8,0.591009259223938,32,42,57,25.631738662719727,,,8,2.2098559584658015,64
adaptive_stochastic,mlp,mlp/layer13,1,8,0.5953972339630127,32,42,57,24.57617950439453,,,8,2.19960498740744,64
adaptive_stochastic,mlp,mlp/layer13,1,8,0.564068078994751,34,44,58,27.0914363861084,,,8,2.3484064577876884,64
adaptive_stochastic,mlp,mlp/layer13,2,8,0.5961926579475403,31,41,57,23.353788375854492,71.01868152618408,89.19623565673828,8,2.1742517054784867,64
adaptive_stochastic,mlp,mlp/layer13,2,8,0.6113641858100891,30,41,56,21.918365478515625,70.44219923019409,88.07709503173828,8,2.1214812055441894,64
adaptive_stochastic,mlp,mlp/layer13,2,8,0.5766465067863464,33,43,58,25.142173767089844,82.27510452270508,89.91499328613281,8,2.2893439163731206,64
adaptive_stochastic,mlp,mlp/layer13,4,8,0.6543996930122375,27,38,54,20.573875427246094,65.1974127292633,87.911865234375,8,1.8932469857943575,64
adaptive_stochastic,mlp,mlp/layer13,4,8,0.6714574098587036,26,37,54,19.493616104125977,65.76158499717712,89.62342834472656,8,1.8713174818528038,64
adaptive_stochastic,mlp,mlp/layer13,4,8,0.6124334931373596,29,40,56,23.33808708190918,80.81189060211182,88.767578125,8,1.9596983241903843,64
adaptive_stochastic,mlp,mlp/layer14,1,8,0.5563440322875977,34,44,58,28.13371467590332,,,8,2.238869119295771,64
adaptive_stochastic,mlp,mlp/layer14,1,8,0.5700914859771729,32,43,57,26.58349609375,,,8,2.145311349741215,64
adaptive_stochastic,mlp,mlp/layer14,1,8,0.5360280871391296,35,46,59,30.09034538269043,,,8,2.3716911809235266,64
adaptive_stochastic,mlp,mlp/layer14,2,8,0.589878499507904,32,42,57,24.33504867553711,70.80671977996826,88.8435287475586,8,2.1390411701838756,64
adaptive_stochastic,mlp,mlp/layer14,2,8,0.5855786800384521,31,41,56,24.361764907836914,70.77284288406372,88.12281036376953,8,2.0819112962136774,64
adaptive_stochastic,mlp,mlp/layer14,2,8,0.5453869104385376,34,44,58,28.430299758911133,82.53534126281738,89.41545104980469,8,2.2711994729600393,64
adaptive_stochastic,mlp,mlp/layer14,4,8,0.6148946285247803,29,40,56,23.34261131286621,66.4239890575409,88.27735137939453,8,1.9401015602627627,64
adaptive_stochastic,mlp,mlp/layer14,4,8,0.638759434223175,27,38,55,22.024551391601562,66.473384141922,87.09310913085938,8,1.8942403193968897,64
adaptive_stochastic,mlp,mlp/layer14,4,8,0.5768849849700928,32,42,57,26.492183685302734,80.37585735321045,89.54448699951172,8,2.084261681142782,64
adaptive_stochastic,mlp,mlp/layer15,1,8,0.5903963446617126,31,42,57,25.27155303955078,,,8,2.1601074466399868,64
adaptive_stochastic,mlp,mlp/layer15,1,8,0.5939539074897766,32,42,57,24.742780685424805,,,8,2.1958816447509717,64
adaptive_stochastic,mlp,mlp/layer15,1,8,0.5020542740821838,35,45,59,33.04555892944336,,,8,2.23021757558881,64
adaptive_stochastic,mlp,mlp/layer15,2,8,0.5808921456336975,32,42,57,25.24966049194336,70.13645553588867,88.97662353515625,8,2.1706624955243843,64
adaptive_stochastic,mlp,mlp/layer15,2,8,0.5687993168830872,33,43,57,25.735261917114258,68.30322885513306,88.63325500488281,8,2.174528582939066,64
adaptive_stochastic,mlp,mlp/layer15,2,8,0.5110028982162476,35,44,58,32.855098724365234,83.99578380584717,89.8692626953125,8,2.2306490167465256,64
adaptive_stochastic,mlp,mlp/layer15,4,8,0.6320504546165466,29,39,55,22.459760665893555,63.231358766555786,88.95501708984375,8,1.9572052719892294,64
adaptive_stochastic,mlp,mlp/layer15,4,8,0.6483994722366333,27,38,55,20.48027229309082,64.10805773735046,88.69353485107422,8,1.929152529153873,64
adaptive_stochastic,mlp,mlp/layer15,4,8,0.5277482867240906,33,43,57,31.1072998046875,76.7064094543457,88.82623291015625,8,2.0247519872028863,64
adaptive_stochastic,mlp,mlp/layer16,1,8,0.6344597935676575,28,39,56,20.466550827026367,,,8,2.0224890906195556,64
adaptive_stochastic,mlp,mlp/layer16,1,8,0.6188094615936279,29,40,56,22.455028533935547,,,8,2.0334442483272626,64
adaptive_stochastic,mlp,mlp/layer16,1,8,0.6253929138183594,29,39,56,20.575151443481445,,,8,2.0582133619147367,64
adaptive_stochastic,mlp,mlp/layer16,2,8,0.6105186343193054,31,40,55,22.973793029785156,67.65160942077637,87.43331146240234,8,2.089281343620636,64
adaptive_stochastic,mlp,mlp/layer16,2,8,0.600848376750946,31,41,56,22.644929885864258,65.90923619270325,88.7254638671875,8,2.127211822452409,64
adaptive_stochastic,mlp,mlp/layer16,2,8,0.6294276714324951,30,40,56,21.067747116088867,82.2809944152832,89.99614715576172,8,2.116605382147031,64
adaptive_stochastic,mlp,mlp/layer16,4,8,0.6613459587097168,27,37,55,20.033536911010742,62.393986225128174,85.13726043701172,8,1.888630060199271,64
adaptive_stochastic,mlp,mlp/layer16,4,8,0.661263644695282,26,37,55,19.85515022277832,63.28370547294617,89.7040023803711,8,1.887110730973837,64
adaptive_stochastic,mlp,mlp/layer16,4,8,0.6907978057861328,26,37,55,18.485977172851562,78.90308427810669,89.8228759765625,8,1.9986958008365232,64
adaptive_stochastic,mlp,mlp/layer17,1,8,0.6462078094482422,27,37,55,19.88230323791504,,,8,1.8769257811285789,64
adaptive_stochastic,mlp,mlp/layer17,1,8,0.6182834506034851,28,38,55,21.63579559326172,,,8,1.9023722054066143,64
adaptive_stochastic,mlp,mlp/layer17,1,8,0.5548076033592224,32,42,57,27.689777374267578,,,8,2.0713048912268572,64
adaptive_stochastic,mlp,mlp/layer17,2,8,0.6416887044906616,29,39,55,22.633373260498047,67.39199090003967,88.40267181396484,8,1.9752518557914631,64
adaptive_stochastic,mlp,mlp/layer17,2,8,0.6327430009841919,29,39,54,21.959848403930664,67.07605051994324,87.58634948730469,8,1.972102049980838,64
adaptive_stochastic,mlp,mlp/layer17,2,8,0.5637802481651306,32,42,56,29.394010543823242,82.75453186035156,89.90725708007812,8,2.002186593704231,64
adaptive_stochastic,mlp,mlp/layer17,4,8,0.7042971849441528,24,35,54,18.1906681060791,58.5556116104126,84.77985382080078,8,1.8343475935788158,64
adaptive_stochastic,mlp,mlp/layer17,4,8,0.6817095279693604,25,36,54,19.1591739654541,62.11907482147217,87.96696472167969,8,1.8468301530893367,64
adaptive_stochastic,mlp,mlp/layer17,4,8,0.6455315351486206,28,39,56,23.84486961364746,79.69842720031738,89.29547119140625,8,1.9865284915291244,64
adaptive_stochastic,mlp,mlp/layer18,1,8,0.6305550932884216,27,37,54,21.860862731933594,,,8,1.8648469071760225,64
adaptive_stochastic,mlp,mlp/layer18,1,8,0.5765910744667053,30,40,55,24.926111221313477,,,8,1.9748184690002062,64
adaptive_stochastic,mlp,mlp/layer18,1,8,0.5269443988800049,33,42,56,30.841211318969727,,,8,2.117681124504269,64
adaptive_stochastic,mlp,mlp/layer18,2,8,0.6290474534034729,29,39,55,23.399986267089844,70.00343251228333,89.86896514892578,8,1.9330307370214934,64
adaptive_stochastic,mlp,mlp/layer18,2,8,0.6173983812332153,29,39,55,23.13570213317871,67.33463978767395,89.89399719238281,8,1.95453500974041,64
adaptive_stochastic,mlp,mlp/layer18,2,8,0.5556004643440247,33,43,56,28.99909210205078,80.60827827453613,89.904052734375,8,2.1239843534863088,64
adaptive_stochastic,mlp,mlp/layer18,4,8,0.6839022636413574,25,36,53,20.523120880126953,61.77735996246338,89.04669952392578,8,1.7884329734768323,64
adaptive_stochastic,mlp,mlp/layer18,4,8,0.6587525010108948,26,37,54,21.313413619995117,65.24748063087463,89.64216613769531,8,1.803555916854898,64
adaptive_stochastic,mlp,mlp/layer18,4,8,0.5900748372077942,31,41,56,28.626726150512695,77.04079508781433,89.19471740722656,8,2.034090299272786,64
adaptive_stochastic,mlp,mlp/layer19,1,8,0.5930027365684509,29,38,55,24.358842849731445,,,8,1.8744665925471629,64
adaptive_stochastic,mlp,mlp/layer19,1,8,0.5640890598297119,31,40,55,26.463455200195312,,,8,1.9860586380435103,64
adaptive_stochastic,mlp,mlp/layer19,1,8,0.534133791923523,32,41,56,30.14515495300293,,,8,2.0640832507156714,64
adaptive_stochastic,mlp,mlp/layer19,2,8,0.6092192530632019,29,39,54,24.364301681518555,70.49066352844238,89.33283233642578,8,1.8753415736632533,64
adaptive_stochastic,mlp,mlp/layer19,2,8,0.6034076809883118,30,40,55,23.34599494934082,70.52598667144775,89.1881103515625,8,1.9813285419358238,64
adaptive_stochastic,mlp,mlp/layer19,2,8,0.5625687837600708,32,42,56,26.01975440979004,80.31363487243652,88.8250961303711,8,2.128001160077936,64
adaptive_stochastic,mlp,mlp/layer19,4,8,0.6611688137054443,26,37,53,22.665157318115234,65.09626531600952,88.9169692993164,8,1.807517677146839,64
adaptive_stochastic,mlp,mlp/layer19,4,8,0.6251670122146606,28,38,54,24.42103385925293,64.31610178947449,84.66956329345703,8,1.8201275066023426,64
adaptive_stochastic,mlp,mlp/layer19,4,8,0.5845712423324585,31,41,56,28.253498077392578,77.5063898563385,89.298828125,8,2.01531659882327,64
adaptive_stochastic,mlp,mlp/layer2,1,8,0.8708866834640503,12,21,45,6.55068302154541,,,8,1.8121958118075863,64
adaptive_stochastic,mlp,mlp/layer2,1,8,0.8695071339607239,11,20,43,6.745994567871094,,,8,1.646428141634551,64
adaptive_stochastic,mlp,mlp/layer2,1,6,0.9988198280334473,1,1,1,1.044624924659729,,,6,0.41689305569472634,9
adaptive_stochastic,mlp,mlp/layer2,2,8,0.6388643980026245,26,38,56,24.452985763549805,82.21360206604004,89.36590576171875,8,1.8286651480556948,64
adaptive_stochastic,mlp,mlp/layer2,2,8,0.6553043723106384,24,35,55,23.255165100097656,80.67357873916626,89.32756042480469,8,1.7074342379034753,64
adaptive_stochastic,mlp,mlp/layer2,2,6,0.9989786744117737,1,1,1,1.0241665840148926,86.94562021891277,89.42174530029297,6,0.45323849282148265,7
adaptive_stochastic,mlp,mlp/layer2,4,8,0.7588210701942444,19,28,47,13.32192325592041,61.56686142086983,89.56211853027344,8,1.6171032278480075,64
adaptive_stochastic,mlp,mlp/layer2,4,8,0.765461802482605,18,27,46,12.973235130310059,56.635390520095825,89.61153411865234,8,1.5543301991688512,64
adaptive_stochastic,mlp,mlp/layer2,4,6,0.9977099895477295,1,1,1,1.069907546043396,81.40513865152995,89.99697875976562,6,0.3353746688643305,16
adaptive_stochastic,mlp,mlp/layer20,1,8,0.5570530891418457,29,38,55,27.36481285095215,,,8,1.8112485106829235,64
adaptive_stochastic,mlp,mlp/layer20,1,8,0.9086503982543945,7,17,40,3.1958816051483154,,,8,1.8743650252912045,64
adaptive_stochastic,mlp,mlp/layer20,1,8,0.5155429840087891,31,41,56,31.216188430786133,,,8,1.93009153349857,64
adaptive_stochastic,mlp,mlp/layer20,2,8,0.6119887232780457,29,39,55,22.945262908935547,68.18183970451355,89.2589111328125,8,1.9894032404677142,64
adaptive_stochastic,mlp,mlp/layer20,2,8,0.6695274114608765,26,37,54,20.040128707885742,62.71982225775719,89.94973754882812,8,1.9313709011165745,64
adaptive_stochastic,mlp,mlp/layer20,2,8,0.5712075233459473,32,42,56,26.14581871032715,81.06935596466064,89.7593002319336,8,2.1323862774905233,64
adaptive_stochastic,mlp,mlp/layer20,4,8,0.6447598934173584,26,36,53,23.546945571899414,65.47430324554443,88.91844940185547,8,1.688021098337918,64
adaptive_stochastic,mlp,mlp/layer20,4,8,0.6953284740447998,24,34,53,18.920501708984375,58.51107519865036,89.50919342041016,8,1.7390135179865793,64
adaptive_stochastic,mlp,mlp/layer20,4,8,0.5560483336448669,31,40,55,28.817859649658203,74.59531712532043,88.94329833984375,8,1.9621699676831574,64
adaptive_stochastic,mlp,mlp/layer21,1,8,0.6392495632171631,29,38,55,20.948375701904297,,,8,2.021365017682985,64
adaptive_stochastic,mlp,mlp/layer21,1,8,0.6828559041023254,27,37,54,17.394372940063477,,,8,2.12893925124707,64
adaptive_stochastic,mlp,mlp/layer21,1,8,0.9761008620262146,1,2,23,1.4610711336135864,,,8,2.488690976781991,54
adaptive_stochastic,mlp,mlp/layer21,2,8,0.6844241619110107,26,37,54,19.177349090576172,61.456134378910065,88.126953125,8,1.9728058552796868,64
adaptive_stochastic,mlp,mlp/layer21,2,8,0.7582511901855469,21,31,51,13.586267471313477,61.247542560100555,88.32013702392578,8,1.8591171932581043,64
adaptive_stochastic,mlp,mlp/layer21,2,8,0.97904372215271,1,2,20,1.4352654218673706,78.88156843185425,88.97826385498047,8,2.5095205675091554,55
adaptive_stochastic,mlp,mlp/layer21,4,8,0.630388617515564,29,40,56,24.25676155090332,55.46101015806198,89.9354476928711,8,2.1008802017282915,64
adaptive_stochastic,mlp,mlp/layer21,4,8,0.6895649433135986,26,37,54,17.884313583374023,62.07287871837616,89.14265441894531,8,2.0593953602398254,64
adaptive_stochastic,mlp,mlp/layer21,4,8,0.9679914116859436,1,4,26,1.723905324935913,76.61478567123413,89.94853210449219,8,2.1897786009101536,56
adaptive_stochastic,mlp,mlp/layer3,1,8,0.8370465636253357,15,26,48,8.207046508789062,,,8,1.867318104783787,64
adaptive_stochastic,mlp,mlp/layer3,1,8,0.8343308568000793,16,26,49,8.287686347961426,,,8,1.9108449130467637,64
adaptive_stochastic,mlp,mlp/layer3,1,8,0.7729758620262146,21,32,51,11.956266403198242,,,8,1.9764295166777273,64
adaptive_stochastic,mlp,mlp/layer3,2,8,0.6286375522613525,28,39,57,25.20486831665039,82.27156114578247,89.62655639648438,8,1.9434996968981946,64
adaptive_stochastic,mlp,mlp/layer3,2,8,0.619358479976654,28,40,57,26.086872100830078,78.79490613937378,89.91548156738281,8,1.9667681128793886,64
adaptive_stochastic,mlp,mlp/layer3,2,8,0.6068490743637085,28,39,56,27.264991760253906,85.05540370941162,89.82227325439453,8,1.8419525224781896,64
adaptive_stochastic,mlp,mlp/layer3,4,8,0.7479450702667236,20,29,48,14.939807891845703,57.055490612983704,89.29232025146484,8,1.6491217429133196,64
adaptive_stochastic,mlp,mlp/layer3,4,8,0.7501840591430664,20,29,49,14.868192672729492,56.78005713224411,89.19559478759766,8,1.6774121548274932,64
adaptive_stochastic,mlp,mlp/layer3,4,8,0.7064694762229919,23,32,50,18.148418426513672,79.60235500335693,89.95116424560547,8,1.68827113746868,64
adaptive_stochastic,mlp,mlp/layer4,1,8,0.785815417766571,19,30,51,11.251245498657227,,,8,1.9124990724977007,64
adaptive_stochastic,mlp,mlp/layer4,1,8,0.775534451007843,20,31,52,11.66755199432373,,,8,1.9449793045962998,64
adaptive_stochastic,mlp,mlp/layer4,1,8,0.7312802076339722,24,35,54,16.130006790161133,,,8,2.030076428150814,64
adaptive_stochastic,mlp,mlp/layer4,2,8,0.6172009110450745,29,41,57,25.563745498657227,79.90004825592041,89.48282623291016,8,2.010697468593816,64
adaptive_stochastic,mlp,mlp/layer4,2,8,0.6433760523796082,27,39,57,23.517776489257812,80.41956424713135,89.58592987060547,8,1.9977345462232912,64
adaptive_stochastic,mlp,mlp/layer4,2,8,0.6058149933815002,29,40,57,26.609140396118164,83.93577003479004,89.68607330322266,8,2.0603493251006633,64
adaptive_stochastic,mlp,mlp/layer4,4,8,0.6834420561790466,23,32,50,19.35535430908203,55.58717030286789,88.57618713378906,8,1.6287732538303754,64
adaptive_stochastic,mlp,mlp/layer4,4,8,0.6728907227516174,23,33,51,20.503103256225586,55.46951997280121,89.87879943847656,8,1.6426692111011183,64
adaptive_stochastic,mlp,mlp/layer4,4,8,0.6744533777236938,23,34,52,20.788970947265625,76.08299398422241,89.56072235107422,8,1.6634787655213747,64
adaptive_stochastic,mlp,mlp/layer5,1,8,0.7481707334518433,22,32,52,13.560388565063477,,,8,1.8785711419179758,64
adaptive_stochastic,mlp,mlp/layer5,1,8,0.7534635663032532,21,32,52,13.706158638000488,,,8,1.8496854144402057,64
adaptive_stochastic,mlp,mlp/layer5,1,8,0.7189356684684753,24,34,54,16.100431442260742,,,8,1.948730186314172,64
adaptive_stochastic,mlp,mlp/layer5,2,8,0.6214594841003418,29,40,57,25.84609031677246,77.64336347579956,89.25056457519531,8,2.0375209498617544,64
adaptive_stochastic,mlp,mlp/layer5,2,8,0.6234340071678162,28,40,57,25.12437629699707,78.55053091049194,89.94409942626953,8,2.008762248391028,64
adaptive_stochastic,mlp,mlp/layer5,2,8,0.6267236471176147,28,40,57,24.540756225585938,83.06581401824951,89.65288543701172,8,2.0207266585035963,64
adaptive_stochastic,mlp,mlp/layer5,4,8,0.6947190165519714,22,32,50,19.44159507751465,54.346981167793274,88.20230102539062,8,1.6053557311855222,64
adaptive_stochastic,mlp,mlp/layer5,4,8,0.674979031085968,23,33,51,20.660457611083984,54.03562819957733,88.50823211669922,8,1.630631129138792,64
adaptive_stochastic,mlp,mlp/layer5,4,8,0.6680601835250854,25,35,52,20.725927352905273,76.31407117843628,89.35752868652344,8,1.7545753741710342,64
adaptive_stochastic,mlp,mlp/layer6,1,8,0.7327006459236145,23,34,54,15.21630859375,,,8,2.034061445655797,64
adaptive_stochastic,mlp,mlp/layer6,1,8,0.7443384528160095,22,33,53,14.904000282287598,,,8,1.9729589733482507,64
adaptive_stochastic,mlp,mlp/layer6,1,8,0.702564537525177,24,35,54,17.494625091552734,,,8,1.9339975989163805,64
adaptive_stochastic,mlp,mlp/layer6,2,8,0.6222925782203674,30,41,57,24.45623779296875,73.20244932174683,89.80042266845703,8,2.1241619734876687,64
adaptive_stochastic,mlp,mlp/layer6,2,8,0.641404926776886,28,40,57,23.11124610900879,70.71188688278198,89.84466552734375,8,2.074573822557519,64
adaptive_stochastic,mlp,mlp/layer6,2,8,0.6164649128913879,29,40,57,25.822782516479492,83.57946681976318,89.72746276855469,8,2.0448289731787006,64
adaptive_stochastic,mlp,mlp/layer6,4,8,0.6537935733795166,25,34,52,21.355087280273438,59.89199471473694,88.49821472167969,8,1.7056912215121838,64
adaptive_stochastic,mlp,mlp/layer6,4,8,0.6930844187736511,23,33,51,17.935152053833008,63.298152685165405,88.74110412597656,8,1.6884733292350542,64
adaptive_stochastic,mlp,mlp/layer6,4,8,0.6715095043182373,25,34,53,20.740360260009766,76.38296842575073,88.93563842773438,8,1.6932519755171909,64
adaptive_stochastic,mlp,mlp/layer7,1,8,0.6839419007301331,26,36,54,18.377622604370117,,,8,1.9761194330408738,64
adaptive_stochastic,mlp,mlp/layer7,1,8,0.7460843324661255,22,33,52,13.835606575012207,,,8,1.986747032661649,64
adaptive_stochastic,mlp,mlp/layer7,1,8,0.9539179801940918,3,8,32,2.2995080947875977,,,8,1.9800174408662212,63
adaptive_stochastic,mlp,mlp/layer7,2,8,0.6818047165870667,27,38,56,19.364816665649414,70.81065535545349,88.6552505493164,8,2.09389435130533,64
adaptive_stochastic,mlp,mlp/layer7,2,8,0.7059950828552246,24,35,54,17.659687042236328,70.05259418487549,88.88034057617188,8,1.9098632258100356,64
adaptive_stochastic,mlp,mlp/layer7,2,8,0.8938804864883423,9,19,43,4.605149745941162,84.4396276473999,89.93716430664062,8,1.8145888164994206,64
adaptive_stochastic,mlp,mlp/layer7,4,8,0.6480557322502136,26,35,53,21.93288230895996,61.655489921569824,86.75732421875,8,1.7711116482237106,64
adaptive_stochastic,mlp,mlp/layer7,4,8,0.6871131062507629,22,31,51,19.070316314697266,67.07211494445801,89.7146224975586,8,1.5702799408691739,64
adaptive_stochastic,mlp,mlp/layer7,4,8,0.975013017654419,1,2,20,1.5774348974227905,82.23262882232666,89.8264389038086,8,2.119077893087117,50
adaptive_stochastic,mlp,mlp/layer8,1,8,0.6900715827941895,26,37,55,19.1033992767334,,,8,2.037355915291958,64
adaptive_stochastic,mlp,mlp/layer8,1,8,0.6910515427589417,26,37,55,18.779090881347656,,,8,2.0572250478315914,64
adaptive_stochastic,mlp,mlp/layer8,1,8,0.6094754338264465,31,41,57,25.30234718322754,,,8,2.143891986861414,64
adaptive_stochastic,mlp,mlp/layer8,2,8,0.6756891012191772,27,38,55,19.89451789855957,66.94418001174927,89.71460723876953,8,2.0620086004673626,64
adaptive_stochastic,mlp,mlp/layer8,2,8,0.6810305714607239,26,37,55,18.954469680786133,66.39075875282288,89.53597259521484,8,2.044525460452532,64
adaptive_stochastic,mlp,mlp/layer8,2,8,0.6218518614768982,29,40,56,23.945993423461914,83.6146593093872,89.48900604248047,8,2.0881713551955388,64
adaptive_stochastic,mlp,mlp/layer8,4,8,0.6625291109085083,25,35,52,20.144746780395508,64.17416429519653,89.19554138183594,8,1.771477250073546,64
adaptive_stochastic,mlp,mlp/layer8,4,8,0.6679388880729675,25,34,52,20.499177932739258,64.74749970436096,89.00802612304688,8,1.7478812424350936,64
adaptive_stochastic,mlp,mlp/layer8,4,8,0.6255199909210205,27,37,54,23.542016983032227,78.78050136566162,89.59228515625,8,1.8685499179709733,64
adaptive_stochastic,mlp,mlp/layer9,1,8,0.6410508751869202,29,40,56,22.784603118896484,,,8,2.105011909965695,64
adaptive_stochastic,mlp,mlp/layer9,1,8,0.6308960914611816,30,40,57,23.524763107299805,,,8,2.1277620440191773,64
adaptive_stochastic,mlp,mlp/layer9,1,8,0.5691921710968018,33,43,57,28.795194625854492,,,8,2.269894741628947,64
adaptive_stochastic,mlp,mlp/layer9,2,8,0.6333008408546448,29,40,57,22.440181732177734,66.7183723449707,89.9434814453125,8,2.1446630483168203,64
adaptive_stochastic,mlp,mlp/layer9,2,8,0.6427860856056213,29,40,57,21.237804412841797,67.47099018096924,89.39195251464844,8,2.131099001307104,64
adaptive_stochastic,mlp,mlp/layer9,2,8,0.6005682945251465,31,42,57,26.49830436706543,83.40210628509521,89.2938461303711,8,2.146213974675352,64
adaptive_stochastic,mlp,mlp/layer9,4,8,0.6541481614112854,27,37,53,21.25493621826172,63.30179524421692,88.6145248413086,8,1.9111426856615812,64
adaptive_stochastic,mlp,mlp/layer9,4,8,0.6541709899902344,27,37,53,21.261444091796875,62.381938219070435,88.25567626953125,8,1.8892734100331305,64
adaptive_stochastic,mlp,mlp/layer9,4,8,0.6165769100189209,28,38,54,24.6151065826416,80.22356510162354,88.6397476196289,8,1.9328931063666972,64
adaptive_stochastic,o_proj,o_proj/layer0,1,8,0.976552426815033,2,4,15,2.502366065979004,,,8,1.6444461052512582,39
adaptive_stochastic,o_proj,o_proj/layer0,2,8,0.9178183078765869,7,13,31,5.170877933502197,85.98186016082764,89.26750946044922,8,1.4127502849958253,60
adaptive_stochastic,o_proj,o_proj/layer0,4,8,0.9184777140617371,7,12,28,4.986873626708984,84.69582653045654,88.86500549316406,8,1.4018223800479386,51
adaptive_stochastic,o_proj,o_proj/layer1,1,8,0.9669110178947449,3,6,22,2.861107587814331,,,8,1.7515095851248894,52
adaptive_stochastic,o_proj,o_proj/layer1,2,8,0.7483072876930237,19,28,49,16.450586318969727,86.61721420288086,89.85649108886719,8,1.5495507030719817,64
adaptive_stochastic,o_proj,o_proj/layer1,4,8,0.7590948939323425,18,26,43,15.452503204345703,83.82448673248291,89.96439361572266,8,1.4120422170166032,64
adaptive_stochastic,o_proj,o_proj/layer10,1,8,0.7692416906356812,17,27,46,14.483762741088867,,,8,1.4901982187659804,64
adaptive_stochastic,o_proj,o_proj/layer10,2,8,0.7243688702583313,21,31,50,16.163715362548828,83.85777282714844,89.1603012084961,8,1.6614199506004812,64
adaptive_stochastic,o_proj,o_proj/layer10,4,8,0.7897700071334839,16,25,45,13.603456497192383,81.61635971069336,89.5598373413086,8,1.4501498987293953,64
adaptive_stochastic,o_proj,o_proj/layer11,1,8,0.8373352289199829,14,22,42,9.359550476074219,,,8,1.4973844380407761,64
adaptive_stochastic,o_proj,o_proj/layer11,2,8,0.7778732180595398,17,26,47,12.791534423828125,84.27617359161377,89.729248046875,8,1.5336115324111104,64
adaptive_stochastic,o_proj,o_proj/layer11,4,8,0.8451368808746338,13,20,41,9.26003646850586,81.5113000869751,89.53851318359375,8,1.4269570474118545,64
adaptive_stochastic,o_proj,o_proj/layer12,1,8,0.7855768799781799,17,25,45,12.438251495361328,,,8,1.4770223578928556,64
adaptive_stochastic,o_proj,o_proj/layer12,2,8,0.8002762198448181,17,27,48,10.87362289428711,83.01988410949707,89.25959014892578,8,1.680821745072631,64
adaptive_stochastic,o_proj,o_proj/layer12,4,8,0.8431353569030762,13,21,42,9.043832778930664,80.9319896697998,89.15898895263672,8,1.4751246241904625,64
adaptive_stochastic,o_proj,o_proj/layer13,1,8,0.8040376305580139,16,24,45,9.848138809204102,,,8,1.5160119719524876,64
adaptive_stochastic,o_proj,o_proj/layer13,2,8,0.8349913954734802,14,24,44,7.982150077819824,82.57985782623291,89.2580795288086,8,1.6460320627948284,64
adaptive_stochastic,o_proj,o_proj/layer13,4,8,0.8630936145782471,11,18,40,7.4741902351379395,81.35006141662598,89.2044906616211,8,1.3976151056916684,64
adaptive_stochastic,o_proj,o_proj/layer14,1,8,0.706685483455658,22,32,51,17.120195388793945,,,8,1.7182617915104843,64
adaptive_stochastic,o_proj,o_proj/layer14,2,8,0.7388052344322205,22,31,50,14.293642044067383,81.72319602966309,89.05599212646484,8,1.7615401221043243,64
adaptive_stochastic,o_proj,o_proj/layer14,4,8,0.7500542998313904,19,28,48,15.33449935913086,79.92269706726074,89.47703552246094,8,1.5769947242117588,64
adaptive_stochastic,o_proj,o_proj/layer15,1,8,0.726542055606842,20,28,48,16.494455337524414,,,8,1.5025989813012723,64
adaptive_stochastic,o_proj,o_proj/layer15,2,8,0.7390398383140564,21,31,50,14.871670722961426,81.75878047943115,89.69690704345703,8,1.7329695751483047,64
adaptive_stochastic,o_proj,o_proj/layer15,4,8,0.7570736408233643,17,26,47,14.471278190612793,80.21421813964844,89.54349517822266,8,1.4419795976097656,64
adaptive_stochastic,o_proj,o_proj/layer16,1,8,0.8792514204978943,10,18,40,5.525802135467529,,,8,1.523387131325344,64
adaptive_stochastic,o_proj,o_proj/layer16,2,8,0.8655034303665161,12,21,43,5.761489391326904,80.86660385131836,89.56404113769531,8,1.6637456742779544,64
adaptive_stochastic,o_proj,o_proj/layer16,4,8,0.8767465353012085,10,19,40,5.7751898765563965,80.88537120819092,89.7635498046875,8,1.5262226671680315,64
adaptive_stochastic,o_proj,o_proj/layer17,1,8,0.6535187363624573,23,33,51,21.436538696289062,,,8,1.609316665400167,64
adaptive_stochastic,o_proj,o_proj/layer17,2,8,0.6596641540527344,23,34,52,21.509265899658203,80.31282091140747,88.53548431396484,8,1.6398247936050225,64
adaptive_stochastic,o_proj,o_proj/layer17,4,8,0.6912059783935547,22,32,51,20.1279239654541,82.13576602935791,88.48487854003906,8,1.6572841742136544,64
adaptive_stochastic,o_proj,o_proj/layer18,1,8,0.762864351272583,18,28,48,14.712564468383789,,,8,1.574988889781144,64
adaptive_stochastic,o_proj,o_proj/layer18,2,8,0.7516910433769226,19,28,47,12.49193000793457,83.67941856384277,89.89364624023438,8,1.571874292357769,64
adaptive_stochastic,o_proj,o_proj/layer18,4,8,0.7758755683898926,17,26,45,14.280364036560059,80.45763921737671,87.91825866699219,8,1.4599321641306964,64
adaptive_stochastic,o_proj,o_proj/layer19,1,8,0.6649606823921204,26,36,53,20.514667510986328,,,8,1.8256001847572905,64
adaptive_stochastic,o_proj,o_proj/layer19,2,8,0.7186619639396667,24,34,52,16.498605728149414,81.8328628540039,89.71763610839844,8,1.9118117063449813,64
adaptive_stochastic,o_proj,o_proj/layer19,4,8,0.677844226360321,23,33,52,20.651214599609375,80.15898847579956,88.65692138671875,8,1.6801072216741557,64
adaptive_stochastic,o_proj,o_proj/layer2,1,8,0.9465674161911011,4,9,28,2.7880337238311768,,,8,1.5783605255244777,58
adaptive_stochastic,o_proj,o_proj/layer2,2,8,0.7718414664268494,18,29,50,14.750933647155762,85.72509860992432,89.64405822753906,8,1.7031565782836922,64
adaptive_stochastic,o_proj,o_proj/layer2,4,8,0.8224648833274841,14,22,42,11.204057693481445,84.66952991485596,89.62852478027344,8,1.433261412277597,64
adaptive_stochastic,o_proj,o_proj/layer20,1,8,0.6286366581916809,28,37,54,22.7293701171875,,,8,1.9409221363734894,64
adaptive_stochastic,o_proj,o_proj/layer20,2,8,0.6799814701080322,25,36,53,16.893301010131836,81.81606006622314,89.57259368896484,8,1.8996065105041933,64
adaptive_stochastic,o_proj,o_proj/layer20,4,8,0.6538493037223816,25,35,53,22.324575424194336,79.96607446670532,89.58843231201172,8,1.7093420733596574,64
adaptive_stochastic,o_proj,o_proj/layer21,1,8,0.7032323479652405,25,33,51,16.614238739013672,,,8,1.8592300949812757,64
adaptive_stochastic,o_proj,o_proj/layer21,2,8,0.760612428188324,22,32,50,12.325794219970703,80.53487157821655,89.82917022705078,8,1.9404161521101098,64
adaptive_stochastic,o_proj,o_proj/layer21,4,8,0.7537063360214233,21,30,48,14.460455894470215,79.16862440109253,89.50263977050781,8,1.6732021509463455,64
adaptive_stochastic,o_proj,o_proj/layer3,1,8,0.8367874026298523,13,22,41,9.836288452148438,,,8,1.4878035145176975,64
adaptive_stochastic,o_proj,o_proj/layer3,2,8,0.7584434747695923,20,30,50,11.89440631866455,85.63899803161621,89.60135650634766,8,1.7276297522991961,64
adaptive_stochastic,o_proj,o_proj/layer3,4,8,0.806208610534668,15,24,44,12.00320816040039,82.23928928375244,89.29743957519531,8,1.4681617968419096,64
adaptive_stochastic,o_proj,o_proj/layer4,1,8,0.8658327460289001,11,19,41,8.415702819824219,,,8,1.4574575329696513,64
adaptive_stochastic,o_proj,o_proj/layer4,2,8,0.7046148180961609,22,31,51,16.773086547851562,81.63586330413818,89.96611022949219,8,1.6287476379346533,64
adaptive_stochastic,o_proj,o_proj/layer4,4,8,0.8371389508247375,13,21,40,11.868546485900879,81.05161905288696,89.14363098144531,8,1.3311560768558586,64
adaptive_stochastic,o_proj,o_proj/layer5,1,8,0.771952748298645,18,27,46,13.834933280944824,,,8,1.515480367535588,64
adaptive_stochastic,o_proj,o_proj/layer5,2,8,0.7698462009429932,18,28,48,14.109572410583496,81.97109127044678,89.76615905761719,8,1.6116761156902482,64
adaptive_stochastic,o_proj,o_proj/layer5,4,8,0.8137778043746948,15,23,43,12.75120735168457,79.70831060409546,89.49976348876953,8,1.4233996794961885,64
adaptive_stochastic,o_proj,o_proj/layer6,1,8,0.8376877903938293,14,23,44,9.226036071777344,,,8,1.6143636734901747,64
adaptive_stochastic,o_proj,o_proj/layer6,2,8,0.7719090580940247,19,29,50,11.83687686920166,83.31914615631104,89.37411499023438,8,1.7739369647982965,64
adaptive_stochastic,o_proj,o_proj/layer6,4,8,0.8758129477500916,11,19,40,7.572055816650391,79.68839645385742,89.98172760009766,8,1.538771491831846,64
adaptive_stochastic,o_proj,o_proj/layer7,1,8,0.9033489227294922,8,15,37,5.1946916580200195,,,8,1.5507096732620322,64
adaptive_stochastic,o_proj,o_proj/layer7,2,8,0.9087108969688416,8,16,38,4.388065814971924,80.96474361419678,89.90592956542969,8,1.6606711937169663,64
adaptive_stochastic,o_proj,o_proj/layer7,4,8,0.8913975358009338,9,16,36,5.985317230224609,79.45392799377441,89.32940673828125,8,1.3821939195398927,62
adaptive_stochastic,o_proj,o_proj/layer8,1,8,0.8023110032081604,16,25,46,11.719952583312988,,,8,1.5581371049288781,64
adaptive_stochastic,o_proj,o_proj/layer8,2,8,0.7680805921554565,19,29,49,12.405564308166504,84.53166389465332,89.93315124511719,8,1.6973728016890246,64
adaptive_stochastic,o_proj,o_proj/layer8,4,8,0.8082285523414612,15,24,45,9.758995056152344,81.27621841430664,89.91259765625,8,1.5390584685953468,64
adaptive_stochastic,o_proj,o_proj/layer9,1,8,0.8103753924369812,15,24,45,11.828861236572266,,,8,1.5172016945205518,64
adaptive_stochastic,o_proj,o_proj/layer9,2,8,0.7895432710647583,18,27,48,9.819437026977539,84.05561256408691,89.98992156982422,8,1.693988330077754,64
adaptive_stochastic,o_proj,o_proj/layer9,4,8,0.8194435834884644,14,23,44,10.668910026550293,80.83470249176025,89.53887939453125,8,1.491116327721835,64
adaptive_stochastic,q_proj,q_proj/layer0,1,6,0.9885581731796265,2,3,7,2.3061349391937256,,,6,0.5185660646272127,21
adaptive_stochastic,q_proj,q_proj/layer0,2,8,0.9774109125137329,4,6,12,3.990212917327881,,,8,1.4604199121303028,27
adaptive_stochastic,q_proj,q_proj/layer0,4,6,0.9828832149505615,3,4,8,3.199244260787964,,,6,0.6041159413289294,21
adaptive_stochastic,q_proj,q_proj/layer1,1,6,0.9831745624542236,2,3,9,1.874728798866272,,,6,0.4285491461139607,29
adaptive_stochastic,q_proj,q_proj/layer1,2,8,0.9736585021018982,3,5,17,2.271369218826294,,,8,1.7710488285240369,40
adaptive_stochastic,q_proj,q_proj/layer1,4,6,0.9869962334632874,1,2,8,1.5699551105499268,,,6,0.41527938379436213,25
adaptive_stochastic,q_proj,q_proj/layer10,1,8,0.8054243326187134,14,22,41,10.948472023010254,,,8,1.3360132592762717,64
adaptive_stochastic,q_proj,q_proj/layer10,2,8,0.7742950320243835,16,23,43,11.495723724365234,67.90774011611938,86.8409423828125,8,1.3226793174056575,64
adaptive_stochastic,q_proj,q_proj/layer10,4,8,0.7960429787635803,15,23,42,11.907791137695312,64.93842315673828,89.14955139160156,8,1.3745886759045145,64
adaptive_stochastic,q_proj,q_proj/layer11,1,8,0.8568816781044006,11,18,36,10.104789733886719,,,8,1.3213081399680449,62
adaptive_stochastic,q_proj,q_proj/layer11,2,8,0.8099325895309448,14,22,42,10.546167373657227,62.76157093048096,89.96292114257812,8,1.3991249357928313,64
adaptive_stochastic,q_proj,q_proj/layer11,4,8,0.8682570457458496,11,17,34,9.265619277954102,61.76770210266113,85.8648452758789,8,1.2466079488027462,61
adaptive_stochastic,q_proj,q_proj/layer12,1,8,0.8196772336959839,14,22,41,10.678763389587402,,,8,1.3813702030792359,64
adaptive_stochastic,q_proj,q_proj/layer12,2,8,0.8181203603744507,15,23,43,9.933349609375,65.15303087234497,85.4315185546875,8,1.469670260722206,64
adaptive_stochastic,q_proj,q_proj/layer12,4,8,0.8208716511726379,13,21,40,11.629281997680664,63.59137487411499,88.7789535522461,8,1.2700254306835872,64
adaptive_stochastic,q_proj,q_proj/layer13,1,8,0.7712209224700928,16,25,45,13.447654724121094,,,8,1.39720144510874,64
adaptive_stochastic,q_proj,q_proj/layer13,2,8,0.8270366787910461,14,21,41,10.268689155578613,63.617751359939575,86.36763000488281,8,1.3992753513311134,64
adaptive_stochastic,q_proj,q_proj/layer13,4,8,0.8270683288574219,13,20,39,10.899679183959961,63.08640146255493,88.43207550048828,8,1.309169373031052,64
adaptive_stochastic,q_proj,q_proj/layer14,1,8,0.7649562358856201,17,25,44,11.668280601501465,,,8,1.4239092401092497,64
adaptive_stochastic,q_proj,q_proj/layer14,2,8,0.8081870675086975,15,22,42,11.479926109313965,64.12562942504883,83.99896240234375,8,1.378506463918852,64
adaptive_stochastic,q_proj,q_proj/layer14,4,8,0.8167608976364136,14,21,40,11.413379669189453,63.0552544593811,84.64383697509766,8,1.2956166748236102,64
adaptive_stochastic,q_proj,q_proj/layer15,1,8,0.7290171384811401,18,27,46,15.91623592376709,,,8,1.3872720820043623,64
adaptive_stochastic,q_proj,q_proj/layer15,2,8,0.7735497355461121,15,24,45,13.755292892456055,66.67356729507446,89.58219146728516,8,1.3302355134570087,64
adaptive_stochastic,q_proj,q_proj/layer15,4,8,0.7707980871200562,16,24,43,14.559679985046387,61.36715054512024,86.80467987060547,8,1.3210376365523298,64
adaptive_stochastic,q_proj,q_proj/layer16,1,8,0.7672828435897827,17,24,43,13.773473739624023,,,8,1.3585738780041587,64
adaptive_stochastic,q_proj,q_proj/layer16,2,8,0.8164501786231995,14,22,41,9.310943603515625,64.43090391159058,88.37713623046875,8,1.3967936112467425,64
adaptive_stochastic,q_proj,q_proj/layer16,4,8,0.8001618385314941,15,22,42,10.89399528503418,61.01178336143494,88.62643432617188,8,1.3304051340584142,64
adaptive_stochastic,q_proj,q_proj/layer17,1,8,0.778340756893158,16,24,44,13.244762420654297,,,8,1.3733881545811573,64
adaptive_stochastic,q_proj,q_proj/layer17,2,8,0.818509042263031,14,22,40,11.213811874389648,68.15743207931519,87.62577819824219,8,1.34082789470397,64
adaptive_stochastic,q_proj,q_proj/layer17,4,8,0.8256956338882446,13,20,40,11.176656723022461,63.82393789291382,83.9086685180664,8,1.3203950111136902,64
adaptive_stochastic,q_proj,q_proj/layer18,1,8,0.7819268703460693,17,24,44,13.16153335571289,,,8,1.4255865496787499,64
adaptive_stochastic,q_proj,q_proj/layer18,2,8,0.7495802044868469,18,26,46,14.36874008178711,73.26158857345581,89.75469970703125,8,1.416595844733479,64
adaptive_stochastic,q_proj,q_proj/layer18,4,8,0.788737952709198,16,24,44,13.060591697692871,69.39806985855103,86.35608673095703,8,1.3968674596772617,64
adaptive_stochastic,q_proj,q_proj/layer19,1,8,0.7861207723617554,14,22,41,13.636832237243652,,,8,1.2156015723434883,64
adaptive_stochastic,q_proj,q_proj/layer19,2,8,0.8199865818023682,14,21,41,11.17399787902832,62.97772169113159,87.48284912109375,8,1.3563509546336319,64
adaptive_stochastic,q_proj,q_proj/layer19,4,8,0.8380777835845947,13,21,40,9.563599586486816,59.36603569984436,89.12098693847656,8,1.385538450998042,64
adaptive_stochastic,q_proj,q_proj/layer2,1,8,0.9729858040809631,2,5,17,2.2632408142089844,,,8,1.8623212563069547,41
adaptive_stochastic,q_proj,q_proj/layer2,2,8,0.8831723928451538,10,16,34,6.412663459777832,73.06003856658936,89.61904907226562,8,1.3101380349227516,60
adaptive_stochastic,q_proj,q_proj/layer2,4,8,0.9295864701271057,6,11,25,4.604159832000732,64.88195037841797,89.85823822021484,8,1.4242801028255359,49
adaptive_stochastic,q_proj,q_proj/layer20,1,8,0.7392202615737915,18,27,46,15.185408592224121,,,8,1.4275574615345965,64
adaptive_stochastic,q_proj,q_proj/layer20,2,8,0.7878203988075256,16,24,42,12.186409950256348,66.55558919906616,82.94189453125,8,1.3874063063441555,64
adaptive_stochastic,q_proj,q_proj/layer20,4,8,0.8319780826568604,13,21,40,9.184686660766602,64.0453290939331,86.251220703125,8,1.350000394345866,64
adaptive_stochastic,q_proj,q_proj/layer21,1,8,0.7009660601615906,20,29,47,17.979713439941406,,,8,1.4245964799816335,64
adaptive_stochastic,q_proj,q_proj/layer21,2,8,0.788102924823761,16,24,43,11.397072792053223,66.66421365737915,89.79041290283203,8,1.3880917140791842,64
adaptive_stochastic,q_proj,q_proj/layer21,4,8,0.7824217677116394,15,23,40,12.452404975891113,70.97413682937622,89.55735778808594,8,1.2514372866068626,64
adaptive_stochastic,q_proj,q_proj/layer3,1,8,0.8654397130012512,11,17,34,9.008387565612793,,,8,1.248760059709549,61
adaptive_stochastic,q_proj,q_proj/layer3,2,8,0.8400483727455139,12,18,39,10.168787956237793,61.81337928771973,89.70079040527344,8,1.2272619874975776,64
adaptive_stochastic,q_proj,q_proj/layer3,4,8,0.8289618492126465,13,19,37,9.43411922454834,64.54349660873413,87.45539093017578,8,1.2059006840456858,63
adaptive_stochastic,q_proj,q_proj/layer4,1,8,0.9224027991294861,6,12,31,5.0802717208862305,,,8,1.439885147170154,60
adaptive_stochastic,q_proj,q_proj/layer4,2,8,0.8686267137527466,11,18,37,8.078149795532227,65.41832661628723,87.91104125976562,8,1.3261950617087388,64
adaptive_stochastic,q_proj,q_proj/layer4,4,8,0.8068352341651917,14,21,38,9.960355758666992,67.62593150138855,88.24553680419922,8,1.2137110373645137,64
adaptive_stochastic,q_proj,q_proj/layer5,1,8,0.8338460326194763,13,19,38,10.975826263427734,,,8,1.2719873128447547,64
adaptive_stochastic,q_proj,q_proj/layer5,2,8,0.8712671995162964,11,17,36,7.8523993492126465,55.769378900527954,88.55467987060547,8,1.317607196926513,64
adaptive_stochastic,q_proj,q_proj/layer5,4,8,0.8806220293045044,10,15,31,8.379143714904785,57.988839864730835,83.0379867553711,8,1.2367947690630938,58
adaptive_stochastic,q_proj,q_proj/layer6,1,8,0.8927955031394958,9,15,33,6.1016459465026855,,,8,1.3644234093531946,59
adaptive_stochastic,q_proj,q_proj/layer6,2,8,0.8016157746315002,14,20,38,12.221325874328613,59.69981026649475,89.29295349121094,8,1.1999349915920035,64
adaptive_stochastic,q_proj,q_proj/layer6,4,8,0.8998796939849854,9,14,30,4.975912094116211,56.59838247299194,85.99714660644531,8,1.300227894583309,56
adaptive_stochastic,q_proj,q_proj/layer7,1,8,0.9200820326805115,7,12,32,5.27276086807251,,,8,1.3884295588033666,60
adaptive_stochastic,q_proj,q_proj/layer7,2,8,0.868410587310791,11,17,36,7.034281253814697,60.50082182884216,88.30601501464844,8,1.294914078729648,64
adaptive_stochastic,q_proj,q_proj/layer7,4,8,0.8804757595062256,10,16,32,5.9386162757873535,61.82752227783203,89.33336639404297,8,1.272137387202241,59
adaptive_stochastic,q_proj,q_proj/layer8,1,8,0.8481028079986572,12,18,36,9.304594993591309,,,8,1.1690538061242581,64
adaptive_stochastic,q_proj,q_proj/layer8,2,8,0.8899303674697876,9,15,31,6.6142258644104,61.52015423774719,87.16197204589844,8,1.2443502670101778,59
adaptive_stochastic,q_proj,q_proj/layer8,4,8,0.8180517554283142,13,20,37,11.505861282348633,61.6397864818573,87.78174591064453,8,1.2406793126326991,62
adaptive_stochastic,q_proj,q_proj/layer9,1,8,0.8450030088424683,12,19,38,8.82870101928711,,,8,1.3356056963840937,63
adaptive_stochastic,q_proj,q_proj/layer9,2,8,0.819163978099823,14,22,42,11.135987281799316,64.37521815299988,87.05535125732422,8,1.4180246053648082,64
adaptive_stochastic,q_proj,q_proj/layer9,4,8,0.8401806354522705,12,20,38,10.128079414367676,62.610796213150024,87.97392272949219,8,1.2943811903360354,64
adaptive_stochastic,v_proj,v_proj/layer0,1,6,0.9929043650627136,2,3,6,2.1465439796447754,,,6,0.5545890328565081,16
adaptive_stochastic,v_proj,v_proj/layer0,2,6,0.9898266196250916,2,2,7,1.6480034589767456,75.70866839090984,87.52436828613281,6,0.45285258772993703,21
adaptive_stochastic,v_proj,v_proj/layer0,4,6,0.9880475401878357,1,3,7,1.6375523805618286,74.08402252197266,87.50668334960938,6,0.4828456480767477,19
adaptive_stochastic,v_proj,v_proj/layer1,1,6,0.991240382194519,2,2,6,1.6844351291656494,,,6,0.4194058985463005,24
adaptive_stochastic,v_proj,v_proj/layer1,2,6,0.9826026558876038,2,3,10,1.7716686725616455,81.44088999430339,88.66165161132812,6,0.4239604087295549,30
adaptive_stochastic,v_proj,v_proj/layer1,4,7,0.9838438630104065,2,3,11,1.7406071424484253,,,7,0.4250454116472221,30
adaptive_stochastic,v_proj,v_proj/layer10,1,8,0.9059523940086365,8,14,32,5.983694553375244,,,8,1.3821851514290677,59
adaptive_stochastic,v_proj,v_proj/layer10,2,8,0.8752349019050598,11,18,39,6.880358695983887,79.90228462219238,89.21428680419922,8,1.526477759639111,63
adaptive_stochastic,v_proj,v_proj/layer10,4,8,0.8928158283233643,9,16,34,6.624080181121826,80.62895107269287,89.58480072021484,8,1.4291252879923546,61
adaptive_stochastic,v_proj,v_proj/layer11,1,8,0.9450322389602661,5,9,24,4.1148457527160645,,,8,1.440470519667169,50
adaptive_stochastic,v_proj,v_proj/layer11,2,8,0.9230396151542664,6,12,30,4.641656875610352,79.0427303314209,88.35154724121094,8,1.4467531363502582,59
adaptive_stochastic,v_proj,v_proj/layer11,4,8,0.9318230152130127,6,11,27,4.727660179138184,79.00215530395508,86.70880126953125,8,1.4502854089874337,52
adaptive_stochastic,v_proj,v_proj/layer12,1,8,0.9003260731697083,8,15,34,6.064669609069824,,,8,1.4534965357912104,61
adaptive_stochastic,v_proj,v_proj/layer12,2,8,0.9052493572235107,8,15,36,5.620429515838623,79.26503276824951,89.27745819091797,8,1.5059578085471186,64
adaptive_stochastic,v_proj,v_proj/layer12,4,8,0.9138786792755127,7,13,33,5.6238694190979,80.80953693389893,88.92076873779297,8,1.4542273875392422,60
adaptive_stochastic,v_proj,v_proj/layer13,1,8,0.9204233884811401,7,13,32,5.27260684967041,,,8,1.4722467754589819,60
adaptive_stochastic,v_proj,v_proj/layer13,2,8,0.8931298851966858,9,17,38,6.3292555809021,77.03636169433594,85.6083984375,8,1.5169557276481995,64
adaptive_stochastic,v_proj,v_proj/layer13,4,8,0.9325828552246094,6,11,30,4.920116901397705,80.83600902557373,89.4615707397461,8,1.4590767873120105,59
adaptive_stochastic,v_proj,v_proj/layer14,1,8,0.8567086458206177,12,21,42,8.311580657958984,,,8,1.5631621689489876,64
adaptive_stochastic,v_proj,v_proj/layer14,2,8,0.8376425504684448,14,24,44,9.463682174682617,78.21732234954834,88.53471374511719,8,1.6758835282821836,64
adaptive_stochastic,v_proj,v_proj/layer14,4,8,0.8792742490768433,10,19,41,7.5733866691589355,77.16280126571655,89.81402587890625,8,1.6051000094036005,64
adaptive_stochastic,v_proj,v_proj/layer15,1,8,0.8788818717002869,10,16,36,8.276875495910645,,,8,1.3151642505853414,63
adaptive_stochastic,v_proj,v_proj/layer15,2,8,0.8812552690505981,10,18,37,7.137386798858643,76.23367691040039,88.09087371826172,8,1.4754872227562932,64
adaptive_stochastic,v_proj,v_proj/layer15,4,8,0.8811327815055847,10,18,39,7.9681572914123535,78.0259575843811,88.75025177001953,8,1.504997306638491,64
adaptive_stochastic,v_proj,v_proj/layer16,1,8,0.9085681438446045,8,15,34,6.045084476470947,,,8,1.509937390775964,62
adaptive_stochastic,v_proj,v_proj/layer16,2,8,0.8905633091926575,9,17,37,6.982089996337891,78.56904697418213,89.4832534790039,8,1.5040887282645892,63
adaptive_stochastic,v_proj,v_proj/layer16,4,8,0.907806396484375,8,15,36,6.639726161956787,74.63322067260742,88.37332916259766,8,1.5432184205679444,63
adaptive_stochastic,v_proj,v_proj/layer17,1,8,0.9102328419685364,8,14,35,6.082004547119141,,,8,1.4472482213425124,63
adaptive_stochastic,v_proj,v_proj/layer17,2,8,0.8767898678779602,11,18,37,7.176700592041016,80.60663604736328,89.26129150390625,8,1.4685385902987633,64
adaptive_stochastic,v_proj,v_proj/layer17,4,8,0.9130900502204895,7,14,34,5.635712623596191,79.00499677658081,89.35719299316406,8,1.5105616707215173,62
adaptive_stochastic,v_proj,v_proj/layer18,1,8,0.9483472108840942,4,9,25,4.072415351867676,,,8,1.486794474625966,51
adaptive_stochastic,v_proj,v_proj/layer18,2,8,0.9384874701499939,5,10,28,4.838273048400879,73.17382574081421,89.12935638427734,8,1.5622413771051746,55
adaptive_stochastic,v_proj,v_proj/layer18,4,8,0.9250932335853577,6,12,31,4.8856987953186035,75.35857343673706,89.6634292602539,8,1.4930525346794703,59
adaptive_stochastic,v_proj,v_proj/layer19,1,8,0.921640157699585,7,13,32,4.765235900878906,,,8,1.491686277474417,60
adaptive_stochastic,v_proj,v_proj/layer19,2,8,0.9271222352981567,6,12,33,4.311890125274658,75.75736999511719,88.89363861083984,8,1.6068970074374842,61
adaptive_stochastic,v_proj,v_proj/layer19,4,8,0.902546763420105,8,14,32,5.817947864532471,76.28151750564575,89.35173797607422,8,1.3748791910288822,60
adaptive_stochastic,v_proj,v_proj/layer2,1,8,0.9636186957359314,4,7,21,3.5696234703063965,,,8,1.5962821914621583,47
adaptive_stochastic,v_proj,v_proj/layer2,2,8,0.935193657875061,5,11,27,4.086236953735352,80.50142192840576,87.35518646240234,8,1.4546892573473555,56
adaptive_stochastic,v_proj,v_proj/layer2,4,8,0.9534108638763428,4,8,21,3.5332694053649902,79.36824035644531,88.05000305175781,8,1.506402134202501,44
adaptive_stochastic,v_proj,v_proj/layer20,1,8,0.9212490320205688,6,13,34,4.064517974853516,,,8,1.5748916074069972,62
adaptive_stochastic,v_proj,v_proj/layer20,2,8,0.9134772419929504,7,15,36,4.898070812225342,79.39757537841797,88.58585357666016,8,1.5852551302963773,64
adaptive_stochastic,v_proj,v_proj/layer20,4,8,0.9225660562515259,7,13,32,4.859960556030273,79.04204273223877,89.90069580078125,8,1.5011375674073326,61
adaptive_stochastic,v_proj,v_proj/layer21,1,8,0.9002658724784851,8,17,38,5.640238285064697,,,8,1.6307183012306137,64
adaptive_stochastic,v_proj,v_proj/layer21,2,8,0.8973563313484192,9,17,39,6.0732421875,69.01943874359131,89.0057144165039,8,1.6639143097357305,64
adaptive_stochastic,v_proj,v_proj/layer21,4,8,0.9071459174156189,8,16,36,6.050134658813477,70.26846504211426,87.47770690917969,8,1.5966189795741765,63
adaptive_stochastic,v_proj,v_proj/layer3,1,8,0.9536702632904053,4,8,24,4.58959436416626,,,8,1.5234192234006805,51
adaptive_stochastic,v_proj,v_proj/layer3,2,8,0.9271067976951599,6,12,31,4.997813701629639,80.68361759185791,89.076416015625,8,1.5735251592948565,59
adaptive_stochastic,v_proj,v_proj/layer3,4,8,0.9386127591133118,6,10,25,5.284036159515381,80.49502182006836,88.44620513916016,8,1.3454787860060418,52
adaptive_stochastic,v_proj,v_proj/layer4,1,8,0.9639679789543152,3,6,21,4.104832649230957,,,8,1.7157856567046899,45
adaptive_stochastic,v_proj,v_proj/layer4,2,8,0.9187573194503784,7,13,32,4.8828630447387695,80.80514717102051,89.50084686279297,8,1.5093096889784434,59
adaptive_stochastic,v_proj,v_proj/layer4,4,8,0.9495924711227417,6,9,23,5.269632816314697,78.850905418396,88.80782318115234,8,1.4784432959822154,48
adaptive_stochastic,v_proj,v_proj/layer5,1,8,0.9534438252449036,3,8,25,3.375983715057373,,,8,1.6874446939199343,52
adaptive_stochastic,v_proj,v_proj/layer5,2,8,0.9304823279380798,5,12,30,4.551133632659912,79.43281555175781,88.63475799560547,8,1.5527830058791758,59
adaptive_stochastic,v_proj,v_proj/layer5,4,8,0.9399431347846985,5,10,26,4.248834133148193,79.13540172576904,86.74275970458984,8,1.4658021187026022,53
adaptive_stochastic,v_proj,v_proj/layer6,1,8,0.9478060603141785,4,9,25,4.510596752166748,,,8,1.6119388932591803,51
adaptive_stochastic,v_proj,v_proj/layer6,2,8,0.9165126085281372,7,14,34,5.115492343902588,80.28756999969482,89.74761199951172,8,1.574359723818446,63
adaptive_stochastic,v_proj,v_proj/layer6,4,8,0.9478374123573303,5,9,25,4.463432312011719,78.70528602600098,89.56612396240234,8,1.4758714213680888,51
adaptive_stochastic,v_proj,v_proj/layer7,1,8,0.9644042253494263,4,6,19,3.743833065032959,,,8,1.5861518217460668,46
adaptive_stochastic,v_proj,v_proj/layer7,2,8,0.9385465979576111,5,10,30,4.6070122718811035,77.1408634185791,89.79364013671875,8,1.551383910147532,59
adaptive_stochastic,v_proj,v_proj/layer7,4,8,0.9692203402519226,3,6,19,3.5923941135406494,74.37086057662964,88.64125061035156,8,1.611431687156074,44
adaptive_stochastic,v_proj,v_proj/layer8,1,8,0.9014879465103149,8,15,31,6.419939041137695,,,8,1.4137899510358007,57
adaptive_stochastic,v_proj,v_proj/layer8,2,8,0.8906612992286682,9,17,36,6.547199249267578,78.98989582061768,88.75699615478516,8,1.5014182016837603,62
adaptive_stochastic,v_proj,v_proj/layer8,4,8,0.8929491639137268,9,15,33,7.002614498138428,77.02966451644897,87.60655975341797,8,1.324189408737218,61
adaptive_stochastic,v_proj,v_proj/layer9,1,8,0.8907641768455505,9,15,34,7.207635402679443,,,8,1.3414663267553983,61
adaptive_stochastic,v_proj,v_proj/layer9,2,8,0.8855258822441101,10,18,38,6.532046794891357,79.78193378448486,89.1919174194336,8,1.5503558689776729,64
adaptive_stochastic,v_proj,v_proj/layer9,4,8,0.8886600732803345,9,16,36,7.424706935882568,77.99762916564941,89.43389129638672,8,1.407469358222688,62
